{
    "loss": [
        5521765.083993731,
        813867.9704230821
    ],
    "mAP": [
        0.7336118575736044,
        0.00042658527250095333
    ]
}